{"_id":{"$oid":"5bb1ca40fb9ea00013de9faf"},"taste":[3,3,3,3,3],"dateAdded":{"$date":"2018-10-01T07:10:38.170Z"},"userId":{"$oid":"5bb1ca2cfb9ea00013de9fae"},"productId":115,"category":"커피","score":5,"comment":"555","__v":0}
{"_id":{"$oid":"5bb9d7fa553e9500134a6e3e"},"taste":[2,5,2,4,4],"dateAdded":{"$date":"2018-10-07T09:51:09.031Z"},"userId":{"$oid":"5bb9d74d553e9500134a6e3d"},"productId":1,"category":"위스키","score":4,"comment":"비싸다","__v":0}
{"_id":{"$oid":"5bb9d810553e9500134a6e3f"},"taste":[5,1,1,1,4],"dateAdded":{"$date":"2018-10-07T09:51:09.031Z"},"userId":{"$oid":"5bb9d74d553e9500134a6e3d"},"productId":2,"category":"기타 음료","score":5,"comment":"맛있다","__v":0}
{"_id":{"$oid":"5bb9d828553e9500134a6e40"},"taste":[2,5,1,1,4],"dateAdded":{"$date":"2018-10-07T09:51:09.031Z"},"userId":{"$oid":"5bb9d74d553e9500134a6e3d"},"productId":3,"category":"기타 주류","score":3,"comment":"별루","__v":0}
{"_id":{"$oid":"5bb9d83c553e9500134a6e41"},"taste":[2,5,1,1,3],"dateAdded":{"$date":"2018-10-07T09:51:09.031Z"},"userId":{"$oid":"5bb9d74d553e9500134a6e3d"},"productId":4,"category":"기타 주류","score":3,"comment":"우엑","__v":0}
{"_id":{"$oid":"5bb9d852553e9500134a6e42"},"taste":[3,2,2,4,2],"dateAdded":{"$date":"2018-10-07T09:51:09.031Z"},"userId":{"$oid":"5bb9d74d553e9500134a6e3d"},"productId":5,"category":"탄산 음료","score":4,"comment":"콜라다","__v":0}
{"_id":{"$oid":"5bb9d865553e9500134a6e43"},"taste":[4,1,1,2,3],"dateAdded":{"$date":"2018-10-07T09:51:09.031Z"},"userId":{"$oid":"5bb9d74d553e9500134a6e3d"},"productId":6,"category":"커피","score":4,"comment":"달다달아","__v":0}
{"_id":{"$oid":"5bb9d87a553e9500134a6e44"},"taste":[1,4,1,5,4],"dateAdded":{"$date":"2018-10-07T09:51:09.031Z"},"userId":{"$oid":"5bb9d74d553e9500134a6e3d"},"productId":7,"category":"맥주","score":4,"comment":"흑맥주","__v":0}
{"_id":{"$oid":"5bb9d890553e9500134a6e45"},"taste":[1,5,1,1,3],"dateAdded":{"$date":"2018-10-07T09:51:09.031Z"},"userId":{"$oid":"5bb9d74d553e9500134a6e3d"},"productId":8,"category":"기타 주류","score":3,"comment":"너무씀","__v":0}
{"_id":{"$oid":"5bb9d8a4553e9500134a6e46"},"taste":[5,1,3,3,2],"dateAdded":{"$date":"2018-10-07T09:51:09.031Z"},"userId":{"$oid":"5bb9d74d553e9500134a6e3d"},"productId":9,"category":"탄산 음료","score":4,"comment":"환타다","__v":0}
{"_id":{"$oid":"5bb9d8b6553e9500134a6e47"},"taste":[2,3,2,2,3],"dateAdded":{"$date":"2018-10-07T09:51:09.031Z"},"userId":{"$oid":"5bb9d74d553e9500134a6e3d"},"productId":10,"category":"맥주","score":3,"comment":"하이네켄","__v":0}
{"_id":{"$oid":"5bb9d8d2553e9500134a6e48"},"taste":[3,3,2,2,3],"dateAdded":{"$date":"2018-10-07T09:51:09.031Z"},"userId":{"$oid":"5bb9d74d553e9500134a6e3d"},"productId":11,"category":"맥주","score":4,"comment":"ㄱㅊㄱㅊ","__v":0}
{"_id":{"$oid":"5bb9d8e4553e9500134a6e49"},"taste":[3,3,1,4,4],"dateAdded":{"$date":"2018-10-07T09:51:09.031Z"},"userId":{"$oid":"5bb9d74d553e9500134a6e3d"},"productId":12,"category":"맥주","score":4,"comment":"ㄱㅊㄱㅊ","__v":0}
{"_id":{"$oid":"5bb9d8fe553e9500134a6e4a"},"taste":[4,2,1,1,3],"dateAdded":{"$date":"2018-10-07T09:51:09.031Z"},"userId":{"$oid":"5bb9d74d553e9500134a6e3d"},"productId":13,"category":"커피","score":4,"comment":"커피는 맥심이지","__v":0}
{"_id":{"$oid":"5bb9d90e553e9500134a6e4b"},"taste":[2,3,2,2,3],"dateAdded":{"$date":"2018-10-07T09:51:09.031Z"},"userId":{"$oid":"5bb9d74d553e9500134a6e3d"},"productId":14,"category":"맥주","score":3,"comment":"ㄴㅁㅇ","__v":0}
{"_id":{"$oid":"5bb9d91f553e9500134a6e4c"},"taste":[3,2,2,1,3],"dateAdded":{"$date":"2018-10-07T09:51:09.031Z"},"userId":{"$oid":"5bb9d74d553e9500134a6e3d"},"productId":15,"category":"기타 음료","score":3,"comment":"ㅇㅇ","__v":0}
{"_id":{"$oid":"5bb9d92d553e9500134a6e4d"},"taste":[3,3,2,2,2],"dateAdded":{"$date":"2018-10-07T09:51:09.031Z"},"userId":{"$oid":"5bb9d74d553e9500134a6e3d"},"productId":16,"category":"맥주","score":3,"comment":"ㅇㅇㅇ","__v":0}
{"_id":{"$oid":"5bb9d93f553e9500134a6e4e"},"taste":[4,2,2,1,3],"dateAdded":{"$date":"2018-10-07T09:51:09.031Z"},"userId":{"$oid":"5bb9d74d553e9500134a6e3d"},"productId":17,"category":"기타 음료","score":4,"comment":"호불호 난호","__v":0}
{"_id":{"$oid":"5bb9d951553e9500134a6e4f"},"taste":[4,2,1,2,3],"dateAdded":{"$date":"2018-10-07T09:51:09.031Z"},"userId":{"$oid":"5bb9d74d553e9500134a6e3d"},"productId":18,"category":"커피","score":4,"comment":"커피는 맥심이지","__v":0}
{"_id":{"$oid":"5bb9d962553e9500134a6e50"},"taste":[2,3,2,2,2],"dateAdded":{"$date":"2018-10-07T09:51:09.031Z"},"userId":{"$oid":"5bb9d74d553e9500134a6e3d"},"productId":19,"category":"맥주","score":4,"comment":"양꼬치..","__v":0}
{"_id":{"$oid":"5bb9d977553e9500134a6e51"},"taste":[3,3,1,4,4],"dateAdded":{"$date":"2018-10-07T09:51:09.031Z"},"userId":{"$oid":"5bb9d74d553e9500134a6e3d"},"productId":20,"category":"맥주","score":3,"comment":"비쌈","__v":0}
{"_id":{"$oid":"5bb9d984553e9500134a6e52"},"taste":[2,4,1,3,3],"dateAdded":{"$date":"2018-10-07T09:51:09.031Z"},"userId":{"$oid":"5bb9d74d553e9500134a6e3d"},"productId":21,"category":"맥주","score":3,"comment":"ㅇㅇ","__v":0}
{"_id":{"$oid":"5bb9d992553e9500134a6e53"},"taste":[3,2,1,3,3],"dateAdded":{"$date":"2018-10-07T09:51:09.031Z"},"userId":{"$oid":"5bb9d74d553e9500134a6e3d"},"productId":22,"category":"맥주","score":3,"comment":"ㄹㄴㅁㄹ","__v":0}
{"_id":{"$oid":"5bb9d9a0553e9500134a6e54"},"taste":[4,2,2,4,4],"dateAdded":{"$date":"2018-10-07T09:51:09.031Z"},"userId":{"$oid":"5bb9d74d553e9500134a6e3d"},"productId":23,"category":"맥주","score":4,"comment":"ㅇㅇㅇㄴㅁ","__v":0}
{"_id":{"$oid":"5bb9d9ad553e9500134a6e55"},"taste":[1,2,1,1,1],"dateAdded":{"$date":"2018-10-07T09:51:09.031Z"},"userId":{"$oid":"5bb9d74d553e9500134a6e3d"},"productId":24,"category":"맥주","score":2,"comment":"ㅇㅇ","__v":0}
{"_id":{"$oid":"5bb9d9ba553e9500134a6e56"},"taste":[2,3,2,2,2],"dateAdded":{"$date":"2018-10-07T09:51:09.031Z"},"userId":{"$oid":"5bb9d74d553e9500134a6e3d"},"productId":25,"category":"맥주","score":3,"comment":"ㅇㅇㄴㅁㅇ","__v":0}
{"_id":{"$oid":"5bb9d9cc553e9500134a6e57"},"taste":[2,3,2,2,2],"dateAdded":{"$date":"2018-10-07T09:51:09.031Z"},"userId":{"$oid":"5bb9d74d553e9500134a6e3d"},"productId":26,"category":"맥주","score":3,"comment":"ㄹㄴㅁㄻ","__v":0}
{"_id":{"$oid":"5bb9d9d9553e9500134a6e58"},"taste":[2,3,2,3,3],"dateAdded":{"$date":"2018-10-07T09:51:09.031Z"},"userId":{"$oid":"5bb9d74d553e9500134a6e3d"},"productId":27,"category":"맥주","score":3,"comment":"ㄴㄴㄹ","__v":0}
{"_id":{"$oid":"5bb9d9e8553e9500134a6e59"},"taste":[1,3,2,2,2],"dateAdded":{"$date":"2018-10-07T09:51:09.031Z"},"userId":{"$oid":"5bb9d74d553e9500134a6e3d"},"productId":28,"category":"맥주","score":3,"comment":"ㄴㄹㄴㅁㄹ","__v":0}
{"_id":{"$oid":"5bb9d9f7553e9500134a6e5a"},"taste":[2,3,2,4,3],"dateAdded":{"$date":"2018-10-07T09:51:09.031Z"},"userId":{"$oid":"5bb9d74d553e9500134a6e3d"},"productId":29,"category":"맥주","score":3,"comment":"ㄻㄴㄻㄴ","__v":0}
{"_id":{"$oid":"5bb9da08553e9500134a6e5b"},"taste":[4,2,3,2,4],"dateAdded":{"$date":"2018-10-07T09:51:09.031Z"},"userId":{"$oid":"5bb9d74d553e9500134a6e3d"},"productId":30,"category":"맥주","score":3,"comment":"ㄹㄴㅁㄻㄴ","__v":0}
{"_id":{"$oid":"5bb9da6b553e9500134a6e5c"},"taste":[3,4,2,2,2],"dateAdded":{"$date":"2018-10-07T09:51:09.031Z"},"userId":{"$oid":"5bb9d74d553e9500134a6e3d"},"productId":31,"category":"맥주","score":3,"comment":"ㅇㅇㅇ","__v":0}
{"_id":{"$oid":"5bb9da7b553e9500134a6e5d"},"taste":[2,4,4,5,4],"dateAdded":{"$date":"2018-10-07T09:51:09.031Z"},"userId":{"$oid":"5bb9d74d553e9500134a6e3d"},"productId":32,"category":"맥주","score":4,"comment":"비싸다","__v":0}
{"_id":{"$oid":"5bb9da90553e9500134a6e5e"},"taste":[4,1,1,3,2],"dateAdded":{"$date":"2018-10-07T09:51:09.031Z"},"userId":{"$oid":"5bb9d74d553e9500134a6e3d"},"productId":33,"category":"탄산 음료","score":4,"comment":"콜라다","__v":0}
{"_id":{"$oid":"5bb9da9c553e9500134a6e5f"},"taste":[4,2,3,3,3],"dateAdded":{"$date":"2018-10-07T09:51:09.031Z"},"userId":{"$oid":"5bb9d74d553e9500134a6e3d"},"productId":34,"category":"탄산 음료","score":4,"comment":"ㅇㅇㅇ","__v":0}
{"_id":{"$oid":"5bb9daab553e9500134a6e60"},"taste":[4,1,2,3,2],"dateAdded":{"$date":"2018-10-07T09:51:09.031Z"},"userId":{"$oid":"5bb9d74d553e9500134a6e3d"},"productId":35,"category":"탄산 음료","score":3,"comment":"ㅇㅇㅇ","__v":0}
{"_id":{"$oid":"5bb9dab9553e9500134a6e61"},"taste":[3,3,2,4,2],"dateAdded":{"$date":"2018-10-07T09:51:09.031Z"},"userId":{"$oid":"5bb9d74d553e9500134a6e3d"},"productId":36,"category":"탄산 음료","score":4,"comment":"ㅇㅇ","__v":0}
{"_id":{"$oid":"5bb9dac9553e9500134a6e62"},"taste":[4,2,2,3,2],"dateAdded":{"$date":"2018-10-07T09:51:09.031Z"},"userId":{"$oid":"5bb9d74d553e9500134a6e3d"},"productId":37,"category":"탄산 음료","score":4,"comment":"ㅇㅇㅇㅇ","__v":0}
{"_id":{"$oid":"5bb9dada553e9500134a6e63"},"taste":[3,4,2,4,3],"dateAdded":{"$date":"2018-10-07T09:51:09.031Z"},"userId":{"$oid":"5bb9d74d553e9500134a6e3d"},"productId":38,"category":"탄산 음료","score":3,"comment":"ㅇㅇㅇ","__v":0}
{"_id":{"$oid":"5bb9dae8553e9500134a6e64"},"taste":[5,1,1,2,2],"dateAdded":{"$date":"2018-10-07T09:51:09.031Z"},"userId":{"$oid":"5bb9d74d553e9500134a6e3d"},"productId":39,"category":"탄산 음료","score":4,"comment":"ㅇㅇㅇ","__v":0}
{"_id":{"$oid":"5bb9daf7553e9500134a6e65"},"taste":[5,1,3,2,3],"dateAdded":{"$date":"2018-10-07T09:51:09.031Z"},"userId":{"$oid":"5bb9d74d553e9500134a6e3d"},"productId":40,"category":"탄산 음료","score":4,"comment":"ㅇㅇㅇ","__v":0}
{"_id":{"$oid":"5bb9db05553e9500134a6e66"},"taste":[4,1,3,3,2],"dateAdded":{"$date":"2018-10-07T09:51:09.031Z"},"userId":{"$oid":"5bb9d74d553e9500134a6e3d"},"productId":41,"category":"탄산 음료","score":3,"comment":"ㅇㅇㅇ","__v":0}
{"_id":{"$oid":"5bb9db13553e9500134a6e67"},"taste":[4,1,2,4,2],"dateAdded":{"$date":"2018-10-07T09:51:09.031Z"},"userId":{"$oid":"5bb9d74d553e9500134a6e3d"},"productId":42,"category":"탄산 음료","score":3,"comment":"ㅇㅇㅇ","__v":0}
{"_id":{"$oid":"5bb9db21553e9500134a6e68"},"taste":[4,2,3,3,2],"dateAdded":{"$date":"2018-10-07T09:51:09.031Z"},"userId":{"$oid":"5bb9d74d553e9500134a6e3d"},"productId":43,"category":"탄산 음료","score":3,"comment":"ㅇㅇ","__v":0}
{"_id":{"$oid":"5bb9db36553e9500134a6e69"},"taste":[3,4,3,3,2],"dateAdded":{"$date":"2018-10-07T09:51:09.031Z"},"userId":{"$oid":"5bb9d74d553e9500134a6e3d"},"productId":44,"category":"탄산 음료","score":3,"comment":"ㅇㅇㅇ","__v":0}
{"_id":{"$oid":"5bb9db44553e9500134a6e6a"},"taste":[2,2,1,2,2],"dateAdded":{"$date":"2018-10-07T09:51:09.031Z"},"userId":{"$oid":"5bb9d74d553e9500134a6e3d"},"productId":45,"category":"탄산 음료","score":1,"comment":"ㅇㅇㅇ","__v":0}
{"_id":{"$oid":"5bb9db54553e9500134a6e6b"},"taste":[3,2,4,4,3],"dateAdded":{"$date":"2018-10-07T09:51:09.031Z"},"userId":{"$oid":"5bb9d74d553e9500134a6e3d"},"productId":46,"category":"탄산 음료","score":3,"comment":"ㅇㅇㅇ","__v":0}
{"_id":{"$oid":"5bb9db5f553e9500134a6e6c"},"taste":[3,3,2,3,2],"dateAdded":{"$date":"2018-10-07T09:51:09.031Z"},"userId":{"$oid":"5bb9d74d553e9500134a6e3d"},"productId":47,"category":"탄산 음료","score":3,"comment":"ㅇㅇㅇ","__v":0}
{"_id":{"$oid":"5bb9db6e553e9500134a6e6d"},"taste":[3,2,4,5,2],"dateAdded":{"$date":"2018-10-07T09:51:09.031Z"},"userId":{"$oid":"5bb9d74d553e9500134a6e3d"},"productId":48,"category":"탄산 음료","score":3,"comment":"ㅇㅇㅇ","__v":0}
{"_id":{"$oid":"5bb9db7d553e9500134a6e6e"},"taste":[1,2,3,2,3],"dateAdded":{"$date":"2018-10-07T09:51:09.031Z"},"userId":{"$oid":"5bb9d74d553e9500134a6e3d"},"productId":49,"category":"탄산 음료","score":3,"comment":"ㅇㅇㅇ","__v":0}
{"_id":{"$oid":"5bb9db8a553e9500134a6e6f"},"taste":[4,2,4,3,3],"dateAdded":{"$date":"2018-10-07T09:51:09.031Z"},"userId":{"$oid":"5bb9d74d553e9500134a6e3d"},"productId":50,"category":"탄산 음료","score":3,"comment":"ㅇㅇㅇ","__v":0}
{"_id":{"$oid":"5bb9db9b553e9500134a6e70"},"taste":[3,1,2,1,1],"dateAdded":{"$date":"2018-10-07T09:51:09.031Z"},"userId":{"$oid":"5bb9d74d553e9500134a6e3d"},"productId":51,"category":"기타 음료","score":4,"comment":"ㅇㅇㅇ","__v":0}
{"_id":{"$oid":"5bb9dba7553e9500134a6e71"},"taste":[3,1,4,1,1],"dateAdded":{"$date":"2018-10-07T09:51:09.031Z"},"userId":{"$oid":"5bb9d74d553e9500134a6e3d"},"productId":52,"category":"기타 음료","score":4,"comment":"ㅇㅇ","__v":0}
{"_id":{"$oid":"5bb9dbb3553e9500134a6e72"},"taste":[4,1,2,1,2],"dateAdded":{"$date":"2018-10-07T09:51:09.031Z"},"userId":{"$oid":"5bb9d74d553e9500134a6e3d"},"productId":53,"category":"기타 음료","score":3,"comment":"ㅇㅇㅇ","__v":0}
{"_id":{"$oid":"5bb9dbc1553e9500134a6e73"},"taste":[3,2,3,1,2],"dateAdded":{"$date":"2018-10-07T09:51:09.031Z"},"userId":{"$oid":"5bb9d74d553e9500134a6e3d"},"productId":54,"category":"기타 음료","score":4,"comment":"ㅇㅇㅇ","__v":0}
{"_id":{"$oid":"5bb9dbd3553e9500134a6e74"},"taste":[2,1,2,1,2],"dateAdded":{"$date":"2018-10-07T09:51:09.031Z"},"userId":{"$oid":"5bb9d74d553e9500134a6e3d"},"productId":55,"category":"기타 음료","score":3,"comment":"ㅇㅇㅇ","__v":0}
{"_id":{"$oid":"5bb9dbe0553e9500134a6e75"},"taste":[4,1,3,1,1],"dateAdded":{"$date":"2018-10-07T09:51:09.031Z"},"userId":{"$oid":"5bb9d74d553e9500134a6e3d"},"productId":56,"category":"기타 음료","score":3,"comment":"ㅇㅇㅇ","__v":0}
{"_id":{"$oid":"5bb9dbf5553e9500134a6e76"},"taste":[2,1,2,1,2],"dateAdded":{"$date":"2018-10-07T09:51:09.031Z"},"userId":{"$oid":"5bb9d74d553e9500134a6e3d"},"productId":57,"category":"기타 음료","score":4,"comment":"ㅇㅇㅇㅇ","__v":0}
{"_id":{"$oid":"5bb9dc02553e9500134a6e77"},"taste":[3,1,1,1,3],"dateAdded":{"$date":"2018-10-07T09:51:09.031Z"},"userId":{"$oid":"5bb9d74d553e9500134a6e3d"},"productId":58,"category":"기타 음료","score":4,"comment":"ㅇㅇㅇ","__v":0}
{"_id":{"$oid":"5bb9dc10553e9500134a6e78"},"taste":[2,1,2,1,2],"dateAdded":{"$date":"2018-10-07T09:51:09.031Z"},"userId":{"$oid":"5bb9d74d553e9500134a6e3d"},"productId":59,"category":"기타 음료","score":3,"comment":"ㅇㅇㅇ","__v":0}
{"_id":{"$oid":"5bb9dc1e553e9500134a6e79"},"taste":[3,2,2,5,5],"dateAdded":{"$date":"2018-10-07T09:51:09.031Z"},"userId":{"$oid":"5bb9d74d553e9500134a6e3d"},"productId":60,"category":"기타 음료","score":3,"comment":"ㅇㅇㅇ","__v":0}
{"_id":{"$oid":"5bb9dc2c553e9500134a6e7a"},"taste":[1,1,1,3,1],"dateAdded":{"$date":"2018-10-07T09:51:09.031Z"},"userId":{"$oid":"5bb9d74d553e9500134a6e3d"},"productId":61,"category":"기타 음료","score":3,"comment":"ㅇㅇㅇ","__v":0}
{"_id":{"$oid":"5bb9dc39553e9500134a6e7b"},"taste":[5,1,2,1,3],"dateAdded":{"$date":"2018-10-07T09:51:09.031Z"},"userId":{"$oid":"5bb9d74d553e9500134a6e3d"},"productId":62,"category":"기타 음료","score":3,"comment":"ㅇㅇㅇ","__v":0}
{"_id":{"$oid":"5bb9dc45553e9500134a6e7c"},"taste":[3,1,1,1,3],"dateAdded":{"$date":"2018-10-07T09:51:09.031Z"},"userId":{"$oid":"5bb9d74d553e9500134a6e3d"},"productId":63,"category":"기타 음료","score":3,"comment":"ㅇㅇㅇㅇ","__v":0}
{"_id":{"$oid":"5bb9dc51553e9500134a6e7d"},"taste":[5,1,1,1,3],"dateAdded":{"$date":"2018-10-07T09:51:09.031Z"},"userId":{"$oid":"5bb9d74d553e9500134a6e3d"},"productId":64,"category":"기타 음료","score":4,"comment":"ㅇㅇㅇ","__v":0}
{"_id":{"$oid":"5bb9dc60553e9500134a6e7e"},"taste":[5,1,2,1,2],"dateAdded":{"$date":"2018-10-07T09:51:09.031Z"},"userId":{"$oid":"5bb9d74d553e9500134a6e3d"},"productId":65,"category":"기타 음료","score":4,"comment":"ㅇㅇㅇㅇ","__v":0}
{"_id":{"$oid":"5bb9dc6f553e9500134a6e7f"},"taste":[5,1,1,1,4],"dateAdded":{"$date":"2018-10-07T09:51:09.031Z"},"userId":{"$oid":"5bb9d74d553e9500134a6e3d"},"productId":66,"category":"기타 음료","score":4,"comment":"ㅇㅇㅇㅇ","__v":0}
{"_id":{"$oid":"5bb9dc85553e9500134a6e80"},"taste":[3,1,2,2,3],"dateAdded":{"$date":"2018-10-07T09:51:09.031Z"},"userId":{"$oid":"5bb9d74d553e9500134a6e3d"},"productId":67,"category":"기타 주류","score":3,"comment":"ㅇㅇㅇ","__v":0}
{"_id":{"$oid":"5bb9dc90553e9500134a6e81"},"taste":[3,1,1,1,3],"dateAdded":{"$date":"2018-10-07T09:51:09.031Z"},"userId":{"$oid":"5bb9d74d553e9500134a6e3d"},"productId":68,"category":"기타 주류","score":3,"comment":"ㅇㅇㅇ","__v":0}
{"_id":{"$oid":"5bb9dc9d553e9500134a6e82"},"taste":[2,2,2,4,2],"dateAdded":{"$date":"2018-10-07T09:51:09.031Z"},"userId":{"$oid":"5bb9d74d553e9500134a6e3d"},"productId":69,"category":"기타 주류","score":3,"comment":"ㅇㅇㅇ","__v":0}
{"_id":{"$oid":"5bb9dcac553e9500134a6e83"},"taste":[2,2,4,3,2],"dateAdded":{"$date":"2018-10-07T09:51:09.031Z"},"userId":{"$oid":"5bb9d74d553e9500134a6e3d"},"productId":70,"category":"기타 주류","score":4,"comment":"ㅇㅇㅇ","__v":0}
{"_id":{"$oid":"5bb9dcba553e9500134a6e84"},"taste":[3,1,3,3,2],"dateAdded":{"$date":"2018-10-07T09:51:09.031Z"},"userId":{"$oid":"5bb9d74d553e9500134a6e3d"},"productId":71,"category":"기타 주류","score":4,"comment":"ㅇㅇㅇ","__v":0}
{"_id":{"$oid":"5bb9dcc7553e9500134a6e85"},"taste":[3,1,3,3,2],"dateAdded":{"$date":"2018-10-07T09:51:09.031Z"},"userId":{"$oid":"5bb9d74d553e9500134a6e3d"},"productId":72,"category":"기타 주류","score":4,"comment":"ㅇㅇㅇ","__v":0}
{"_id":{"$oid":"5bb9dcd8553e9500134a6e86"},"taste":[2,3,3,5,1],"dateAdded":{"$date":"2018-10-07T09:51:09.031Z"},"userId":{"$oid":"5bb9d74d553e9500134a6e3d"},"productId":73,"category":"기타 주류","score":4,"comment":"ㅇㅇㅇ","__v":0}
{"_id":{"$oid":"5bb9dce6553e9500134a6e87"},"taste":[3,2,3,1,3],"dateAdded":{"$date":"2018-10-07T09:51:09.031Z"},"userId":{"$oid":"5bb9d74d553e9500134a6e3d"},"productId":74,"category":"기타 주류","score":3,"comment":"ㅇㅇㅇ","__v":0}
{"_id":{"$oid":"5bb9dcf5553e9500134a6e88"},"taste":[4,2,3,1,3],"dateAdded":{"$date":"2018-10-07T09:51:09.031Z"},"userId":{"$oid":"5bb9d74d553e9500134a6e3d"},"productId":75,"category":"기타 주류","score":3,"comment":"ㅇㅇㅇ","__v":0}
{"_id":{"$oid":"5bb9dd06553e9500134a6e89"},"taste":[4,1,2,3,3],"dateAdded":{"$date":"2018-10-07T09:51:09.031Z"},"userId":{"$oid":"5bb9d74d553e9500134a6e3d"},"productId":76,"category":"기타 주류","score":4,"comment":"ㅇㅇㅇ","__v":0}
{"_id":{"$oid":"5bb9dd13553e9500134a6e8a"},"taste":[1,4,2,4,3],"dateAdded":{"$date":"2018-10-07T09:51:09.031Z"},"userId":{"$oid":"5bb9d74d553e9500134a6e3d"},"productId":77,"category":"기타 주류","score":4,"comment":"ㅇㅇㅇ","__v":0}
{"_id":{"$oid":"5bb9dd26553e9500134a6e8b"},"taste":[1,5,3,1,5],"dateAdded":{"$date":"2018-10-07T09:51:09.031Z"},"userId":{"$oid":"5bb9d74d553e9500134a6e3d"},"productId":78,"category":"기타 주류","score":4,"comment":"ㅇㅇㅇ","__v":0}
{"_id":{"$oid":"5bb9dd35553e9500134a6e8c"},"taste":[4,1,2,5,4],"dateAdded":{"$date":"2018-10-07T09:51:09.031Z"},"userId":{"$oid":"5bb9d74d553e9500134a6e3d"},"productId":79,"category":"기타 음료","score":4,"comment":"ㅇㅇㅇ","__v":0}
{"_id":{"$oid":"5bb9dd47553e9500134a6e8d"},"taste":[1,5,2,5,4],"dateAdded":{"$date":"2018-10-07T09:51:09.031Z"},"userId":{"$oid":"5bb9d74d553e9500134a6e3d"},"productId":80,"category":"기타 주류","score":3,"comment":"ㅇㅇ","__v":0}
{"_id":{"$oid":"5bb9dd5a553e9500134a6e8e"},"taste":[3,2,2,4,3],"dateAdded":{"$date":"2018-10-07T09:51:09.031Z"},"userId":{"$oid":"5bb9d74d553e9500134a6e3d"},"productId":81,"category":"기타 주류","score":3,"comment":"ㅇㅇㅇ","__v":0}
{"_id":{"$oid":"5bb9dd6c553e9500134a6e8f"},"taste":[2,2,1,3,3],"dateAdded":{"$date":"2018-10-07T09:51:09.031Z"},"userId":{"$oid":"5bb9d74d553e9500134a6e3d"},"productId":82,"category":"위스키","score":4,"comment":"ㅇㅇ","__v":0}
{"_id":{"$oid":"5bb9dd76553e9500134a6e90"},"taste":[3,3,1,3,3],"dateAdded":{"$date":"2018-10-07T09:51:09.031Z"},"userId":{"$oid":"5bb9d74d553e9500134a6e3d"},"productId":83,"category":"위스키","score":3,"comment":"ㅇㅇㅇ","__v":0}
{"_id":{"$oid":"5bb9dd84553e9500134a6e91"},"taste":[2,2,1,3,2],"dateAdded":{"$date":"2018-10-07T09:51:09.031Z"},"userId":{"$oid":"5bb9d74d553e9500134a6e3d"},"productId":84,"category":"위스키","comment":"ㅇㅇㅇ","score":3,"__v":0}
{"_id":{"$oid":"5bb9dd91553e9500134a6e92"},"taste":[2,3,2,4,4],"dateAdded":{"$date":"2018-10-07T09:51:09.031Z"},"userId":{"$oid":"5bb9d74d553e9500134a6e3d"},"productId":85,"category":"위스키","score":3,"comment":"ㅇㅇㅇ","__v":0}
{"_id":{"$oid":"5bb9dda1553e9500134a6e93"},"taste":[2,2,3,3,3],"dateAdded":{"$date":"2018-10-07T09:51:09.031Z"},"userId":{"$oid":"5bb9d74d553e9500134a6e3d"},"productId":86,"category":"위스키","score":3,"comment":"ㅇㅇ","__v":0}
{"_id":{"$oid":"5bb9ddad553e9500134a6e94"},"taste":[1,5,1,5,5],"dateAdded":{"$date":"2018-10-07T09:51:09.031Z"},"userId":{"$oid":"5bb9d74d553e9500134a6e3d"},"productId":87,"category":"위스키","score":4,"comment":"ㅇㅇㅇ","__v":0}
{"_id":{"$oid":"5bb9ddbe553e9500134a6e95"},"taste":[2,5,2,4,3],"dateAdded":{"$date":"2018-10-07T09:51:09.031Z"},"userId":{"$oid":"5bb9d74d553e9500134a6e3d"},"productId":88,"category":"위스키","score":3,"comment":"ㅇㅇ","__v":0}
{"_id":{"$oid":"5bb9ddd1553e9500134a6e96"},"taste":[5,4,3,4,2],"dateAdded":{"$date":"2018-10-07T09:51:09.031Z"},"userId":{"$oid":"5bb9d74d553e9500134a6e3d"},"productId":89,"category":"위스키","score":4,"comment":"ㅇㅇㅇ","__v":0}
{"_id":{"$oid":"5bb9ddf9553e9500134a6e97"},"taste":[4,2,1,5,4],"dateAdded":{"$date":"2018-10-07T09:51:09.031Z"},"userId":{"$oid":"5bb9d74d553e9500134a6e3d"},"productId":90,"category":"위스키","score":3,"comment":"ㅇㅇㅇㅇ","__v":0}
{"_id":{"$oid":"5bb9de06553e9500134a6e98"},"taste":[2,3,3,2,3],"dateAdded":{"$date":"2018-10-07T09:51:09.031Z"},"userId":{"$oid":"5bb9d74d553e9500134a6e3d"},"productId":91,"category":"위스키","score":3,"comment":"ㅇㅇㅇ","__v":0}
{"_id":{"$oid":"5bb9de13553e9500134a6e99"},"taste":[2,4,2,4,3],"dateAdded":{"$date":"2018-10-07T09:51:09.031Z"},"userId":{"$oid":"5bb9d74d553e9500134a6e3d"},"productId":92,"category":"위스키","score":3,"comment":"ㅇㅇㅇ","__v":0}
{"_id":{"$oid":"5bb9de20553e9500134a6e9a"},"taste":[2,4,3,3,2],"dateAdded":{"$date":"2018-10-07T09:51:09.031Z"},"userId":{"$oid":"5bb9d74d553e9500134a6e3d"},"productId":93,"category":"위스키","score":3,"comment":"ㅇㅇㅇ","__v":0}
{"_id":{"$oid":"5bb9de2b553e9500134a6e9b"},"taste":[2,4,2,4,3],"dateAdded":{"$date":"2018-10-07T09:51:09.031Z"},"userId":{"$oid":"5bb9d74d553e9500134a6e3d"},"productId":94,"category":"위스키","score":3,"comment":"ㅇㅇㅇ","__v":0}
{"_id":{"$oid":"5bb9de38553e9500134a6e9c"},"taste":[2,4,2,4,3],"dateAdded":{"$date":"2018-10-07T09:51:09.031Z"},"userId":{"$oid":"5bb9d74d553e9500134a6e3d"},"productId":95,"category":"위스키","score":3,"comment":"ㅇㅇㅇ","__v":0}
{"_id":{"$oid":"5bb9de45553e9500134a6e9d"},"taste":[2,4,3,4,3],"dateAdded":{"$date":"2018-10-07T09:51:09.031Z"},"userId":{"$oid":"5bb9d74d553e9500134a6e3d"},"productId":96,"category":"위스키","score":3,"comment":"ㅇㅇㅇㅇ","__v":0}
{"_id":{"$oid":"5bb9de57553e9500134a6e9e"},"taste":[4,2,1,3,3],"dateAdded":{"$date":"2018-10-07T09:51:09.031Z"},"userId":{"$oid":"5bb9d74d553e9500134a6e3d"},"productId":97,"category":"커피","score":4,"comment":"ㅇㅇ","__v":0}
{"_id":{"$oid":"5bb9de66553e9500134a6e9f"},"taste":[3,1,1,2,3],"dateAdded":{"$date":"2018-10-07T09:51:09.031Z"},"userId":{"$oid":"5bb9d74d553e9500134a6e3d"},"productId":98,"category":"커피","score":3,"comment":"ㅇㅇㅇ","__v":0}
{"_id":{"$oid":"5bb9de75553e9500134a6ea0"},"taste":[1,3,3,2,4],"dateAdded":{"$date":"2018-10-07T09:51:09.031Z"},"userId":{"$oid":"5bb9d74d553e9500134a6e3d"},"productId":99,"category":"커피","score":3,"comment":"ㅇㅇㅇ","__v":0}
{"_id":{"$oid":"5bb9de88553e9500134a6ea1"},"taste":[3,2,1,3,3],"dateAdded":{"$date":"2018-10-07T09:51:09.031Z"},"userId":{"$oid":"5bb9d74d553e9500134a6e3d"},"productId":100,"category":"커피","score":3,"comment":"ㅇㅇ","__v":0}
{"_id":{"$oid":"5bb9de95553e9500134a6ea2"},"taste":[1,3,2,2,3],"dateAdded":{"$date":"2018-10-07T09:51:09.031Z"},"userId":{"$oid":"5bb9d74d553e9500134a6e3d"},"productId":101,"category":"커피","score":3,"comment":"ㅇㅇㅇ","__v":0}
{"_id":{"$oid":"5bb9dea1553e9500134a6ea3"},"taste":[3,1,2,2,2],"dateAdded":{"$date":"2018-10-07T09:51:09.031Z"},"userId":{"$oid":"5bb9d74d553e9500134a6e3d"},"productId":102,"category":"커피","score":3,"comment":"ㅇㅇ","__v":0}
{"_id":{"$oid":"5bb9deac553e9500134a6ea4"},"taste":[3,1,1,2,2],"dateAdded":{"$date":"2018-10-07T09:51:09.031Z"},"userId":{"$oid":"5bb9d74d553e9500134a6e3d"},"productId":103,"category":"커피","score":3,"comment":"ㅇㅇㅇ","__v":0}
{"_id":{"$oid":"5bb9deb8553e9500134a6ea5"},"taste":[4,1,1,3,2],"dateAdded":{"$date":"2018-10-07T09:51:09.031Z"},"userId":{"$oid":"5bb9d74d553e9500134a6e3d"},"productId":104,"category":"커피","score":4,"comment":"ㅇㅇ","__v":0}
{"_id":{"$oid":"5bb9dec9553e9500134a6ea6"},"taste":[1,4,3,2,3],"dateAdded":{"$date":"2018-10-07T09:51:09.031Z"},"userId":{"$oid":"5bb9d74d553e9500134a6e3d"},"productId":105,"category":"커피","score":3,"comment":"ㅇㅇㅇ","__v":0}
{"_id":{"$oid":"5bb9dedb553e9500134a6ea7"},"taste":[3,2,2,3,3],"dateAdded":{"$date":"2018-10-07T09:51:09.031Z"},"userId":{"$oid":"5bb9d74d553e9500134a6e3d"},"productId":106,"category":"커피","score":3,"comment":"ㅇㅇㅇ","__v":0}
{"_id":{"$oid":"5bb9deed553e9500134a6ea8"},"taste":[2,3,2,3,3],"dateAdded":{"$date":"2018-10-07T09:51:09.031Z"},"userId":{"$oid":"5bb9d74d553e9500134a6e3d"},"productId":107,"category":"커피","score":4,"comment":"ㅇㅇㅇ","__v":0}
{"_id":{"$oid":"5bb9defc553e9500134a6ea9"},"taste":[3,4,2,3,4],"dateAdded":{"$date":"2018-10-07T09:51:09.031Z"},"userId":{"$oid":"5bb9d74d553e9500134a6e3d"},"productId":108,"category":"커피","score":3,"comment":"ㅇㅇㅇ","__v":0}
{"_id":{"$oid":"5bb9df0b553e9500134a6eaa"},"taste":[4,1,2,3,3],"dateAdded":{"$date":"2018-10-07T09:51:09.031Z"},"userId":{"$oid":"5bb9d74d553e9500134a6e3d"},"productId":109,"category":"커피","score":4,"comment":"ㅇㅇㅇ","__v":0}
{"_id":{"$oid":"5bb9df1c553e9500134a6eab"},"taste":[4,2,1,2,2],"dateAdded":{"$date":"2018-10-07T09:51:09.031Z"},"userId":{"$oid":"5bb9d74d553e9500134a6e3d"},"productId":110,"category":"커피","score":4,"comment":"ㅇㅇㅇ","__v":0}
{"_id":{"$oid":"5bb9df28553e9500134a6eac"},"taste":[3,2,1,1,3],"dateAdded":{"$date":"2018-10-07T09:51:09.031Z"},"userId":{"$oid":"5bb9d74d553e9500134a6e3d"},"productId":111,"category":"커피","score":3,"comment":"ㅇㅇㅇ","__v":0}
{"_id":{"$oid":"5bb9df34553e9500134a6ead"},"taste":[4,2,2,2,3],"dateAdded":{"$date":"2018-10-07T09:51:09.031Z"},"userId":{"$oid":"5bb9d74d553e9500134a6e3d"},"productId":112,"category":"커피","score":3,"comment":"ㅇㅇㅇ","__v":0}
{"_id":{"$oid":"5bb9df41553e9500134a6eae"},"taste":[1,3,4,3,2],"dateAdded":{"$date":"2018-10-07T09:51:09.031Z"},"userId":{"$oid":"5bb9d74d553e9500134a6e3d"},"productId":113,"category":"커피","score":4,"comment":"ㅇㅇㅇ","__v":0}
{"_id":{"$oid":"5bb9df4c553e9500134a6eaf"},"taste":[2,4,1,4,3],"dateAdded":{"$date":"2018-10-07T09:51:09.031Z"},"userId":{"$oid":"5bb9d74d553e9500134a6e3d"},"productId":114,"category":"커피","score":4,"comment":"ㅇㅇㅇㅇ","__v":0}
{"_id":{"$oid":"5bb9df5f553e9500134a6eb0"},"taste":[4,2,3,4,3],"dateAdded":{"$date":"2018-10-07T09:51:09.031Z"},"userId":{"$oid":"5bb9d74d553e9500134a6e3d"},"productId":115,"category":"커피","score":4,"comment":"ㅇㅇㅇ","__v":0}
{"_id":{"$oid":"5bbb11ea6884560013096b54"},"taste":[2,3,3,3,3],"dateAdded":{"$date":"2018-10-08T07:55:46.549Z"},"userId":{"$oid":"5bb9ba5ad1480d0013e30ec9"},"productId":10,"category":"맥주","score":2,"comment":"맥주중에서는 제일 싫어요~","__v":0}
{"_id":{"$oid":"5bbb12316884560013096b55"},"taste":[2,3,3,2,3],"dateAdded":{"$date":"2018-10-08T07:55:46.549Z"},"userId":{"$oid":"5bb9ba5ad1480d0013e30ec9"},"productId":27,"category":"맥주","score":3,"comment":"맥주좋아요","__v":0}
{"_id":{"$oid":"5bbb12a06884560013096b56"},"taste":[2,3,2,4,3],"dateAdded":{"$date":"2018-10-08T07:55:46.549Z"},"userId":{"$oid":"5bb9ba5ad1480d0013e30ec9"},"productId":7,"category":"맥주","score":4,"comment":"바디감이 좋네요~","__v":0}
{"_id":{"$oid":"5bbb12f56884560013096b57"},"taste":[3,3,3,3,4],"dateAdded":{"$date":"2018-10-08T07:55:46.549Z"},"userId":{"$oid":"5bb9ba5ad1480d0013e30ec9"},"productId":11,"category":"맥주","score":3,"comment":"보통이네요","__v":0}
{"_id":{"$oid":"5bbda8c1de07dc00137c450c"},"taste":[2,3,3,4,4],"dateAdded":{"$date":"2018-10-10T07:21:32.098Z"},"userId":{"$oid":"5bb9ba5ad1480d0013e30ec9"},"productId":32,"category":"맥주","score":4,"comment":"역시 비싸서 맛있다","__v":0}
{"_id":{"$oid":"5bbda934de07dc00137c450d"},"taste":[2,3,3,3,3],"dateAdded":{"$date":"2018-10-10T07:21:32.098Z"},"userId":{"$oid":"5bb9ba5ad1480d0013e30ec9"},"productId":14,"category":"맥주","comment":"취향이 많이 갈리네요","score":3,"__v":0}
{"_id":{"$oid":"5bbda987de07dc00137c450e"},"taste":[2,3,3,3,3],"dateAdded":{"$date":"2018-10-10T07:21:32.098Z"},"userId":{"$oid":"5bb9ba5ad1480d0013e30ec9"},"productId":29,"category":"맥주","score":3,"comment":"그냥 그러네요...","__v":0}
{"_id":{"$oid":"5bbda9e5de07dc00137c450f"},"taste":[2,4,1,4,3],"dateAdded":{"$date":"2018-10-10T07:21:32.098Z"},"userId":{"$oid":"5bb9ba5ad1480d0013e30ec9"},"productId":21,"category":"맥주","comment":"맥주가 약간 단백하네요~","score":4,"__v":0}
{"_id":{"$oid":"5bbdaa29de07dc00137c4510"},"taste":[4,4,1,5,5],"dateAdded":{"$date":"2018-10-10T07:21:32.098Z"},"userId":{"$oid":"5bb9ba5ad1480d0013e30ec9"},"productId":20,"category":"맥주","comment":"좋아요 비싼거만 빼면","score":5,"__v":0}
{"_id":{"$oid":"5bbdad2fde07dc00137c4511"},"taste":[2,3,2,2,3],"dateAdded":{"$date":"2018-10-10T07:21:32.098Z"},"userId":{"$oid":"5bb9ba5ad1480d0013e30ec9"},"productId":26,"category":"맥주","score":3,"comment":"하얼빈의 맛 크~~`","__v":0}
{"_id":{"$oid":"5bbdad5fde07dc00137c4512"},"taste":[3,2,4,4,2],"dateAdded":{"$date":"2018-10-10T07:21:32.098Z"},"userId":{"$oid":"5bb9ba5ad1480d0013e30ec9"},"productId":48,"category":"탄산 음료","score":3,"comment":"칠성사이다 하위호환","__v":0}
{"_id":{"$oid":"5bbdad84de07dc00137c4513"},"taste":[3,4,2,5,3],"dateAdded":{"$date":"2018-10-10T07:21:32.098Z"},"userId":{"$oid":"5bb9ba5ad1480d0013e30ec9"},"productId":38,"category":"탄산 음료","score":2,"comment":"그냥 콜라?","__v":0}
{"_id":{"$oid":"5bbdada8de07dc00137c4514"},"taste":[4,2,3,3,3],"dateAdded":{"$date":"2018-10-10T07:21:32.098Z"},"userId":{"$oid":"5bb9ba5ad1480d0013e30ec9"},"productId":43,"category":"탄산 음료","score":4,"comment":"학교에서 마셔봤는데 꿀맛 ㅋㅋㅋ","__v":0}
{"_id":{"$oid":"5bbdadd4de07dc00137c4515"},"taste":[4,1,2,3,3],"dateAdded":{"$date":"2018-10-10T07:21:32.098Z"},"userId":{"$oid":"5bb9ba5ad1480d0013e30ec9"},"productId":35,"category":"탄산 음료","score":5,"comment":"영화는 마운틴듀와 함께","__v":0}
{"_id":{"$oid":"5bbdadf6de07dc00137c4516"},"taste":[2,2,1,1,1],"dateAdded":{"$date":"2018-10-10T07:21:32.098Z"},"userId":{"$oid":"5bb9ba5ad1480d0013e30ec9"},"productId":45,"category":"탄산 음료","score":1,"comment":"마시라고 만든건지?","__v":0}
{"_id":{"$oid":"5bbdae26de07dc00137c4517"},"taste":[5,1,3,4,3],"dateAdded":{"$date":"2018-10-10T07:21:32.098Z"},"userId":{"$oid":"5bb9ba5ad1480d0013e30ec9"},"productId":9,"category":"탄산 음료","comment":"평타는 간다...","score":4,"__v":0}
{"_id":{"$oid":"5bbdb2e0de07dc00137c4518"},"taste":[4,1,1,4,2],"dateAdded":{"$date":"2018-10-10T07:21:32.098Z"},"userId":{"$oid":"5bb9ba5ad1480d0013e30ec9"},"productId":33,"category":"탄산 음료","score":4,"comment":"콜라의 양대산맥","__v":0}
{"_id":{"$oid":"5bbdb306de07dc00137c4519"},"taste":[5,1,3,3,3],"dateAdded":{"$date":"2018-10-10T07:21:32.098Z"},"userId":{"$oid":"5bb9ba5ad1480d0013e30ec9"},"productId":40,"category":"탄산 음료","comment":"복숭아 톡톡 트로피카나~","score":3,"__v":0}
{"_id":{"$oid":"5bbdb339de07dc00137c451a"},"taste":[3,3,2,3,2],"dateAdded":{"$date":"2018-10-10T07:21:32.098Z"},"userId":{"$oid":"5bb9ba5ad1480d0013e30ec9"},"productId":47,"category":"탄산 음료","score":3,"comment":"성공한 짝퉁","__v":0}
{"_id":{"$oid":"5bbdb357de07dc00137c451b"},"taste":[3,3,3,5,3],"dateAdded":{"$date":"2018-10-10T07:21:32.098Z"},"userId":{"$oid":"5bb9ba5ad1480d0013e30ec9"},"productId":5,"category":"탄산 음료","score":5,"comment":"탄산의 정점","__v":0}
{"_id":{"$oid":"5bbf336eb91a1f0013eb8eb4"},"taste":[4,2,2,3,3],"dateAdded":{"$date":"2018-10-11T11:23:30.713Z"},"userId":{"$oid":"5bb9ba5ad1480d0013e30ec9"},"productId":110,"category":"커피","score":4,"comment":"그냥저냥","__v":0}
{"_id":{"$oid":"5bbf33a1b91a1f0013eb8eb5"},"taste":[4,2,2,2,3],"dateAdded":{"$date":"2018-10-11T11:23:30.713Z"},"userId":{"$oid":"5bb9ba5ad1480d0013e30ec9"},"productId":13,"category":"커피","comment":"맥심 하위호환","score":3,"__v":0}
{"_id":{"$oid":"5bbf33c1b91a1f0013eb8eb6"},"taste":[2,1,1,2,3],"dateAdded":{"$date":"2018-10-11T11:23:30.713Z"},"userId":{"$oid":"5bb9ba5ad1480d0013e30ec9"},"productId":98,"category":"커피","comment":"그냥그래요","score":3,"__v":0}
{"_id":{"$oid":"5bbf33e3b91a1f0013eb8eb7"},"taste":[4,1,3,3,3],"dateAdded":{"$date":"2018-10-11T11:23:30.713Z"},"userId":{"$oid":"5bb9ba5ad1480d0013e30ec9"},"productId":109,"category":"커피","score":3,"comment":"보통이에용","__v":0}
{"_id":{"$oid":"5bbf3405b91a1f0013eb8eb8"},"taste":[4,3,3,3,3],"dateAdded":{"$date":"2018-10-11T11:23:30.713Z"},"userId":{"$oid":"5bb9ba5ad1480d0013e30ec9"},"productId":112,"category":"커피","score":3,"comment":"가격대비 좋은듯","__v":0}
{"_id":{"$oid":"5bbf3421b91a1f0013eb8eb9"},"taste":[3,3,1,3,3],"dateAdded":{"$date":"2018-10-11T11:23:30.713Z"},"userId":{"$oid":"5bb9ba5ad1480d0013e30ec9"},"productId":97,"category":"커피","score":4,"comment":"평범해요","__v":0}
{"_id":{"$oid":"5bbf343eb91a1f0013eb8eba"},"taste":[3,2,2,2,2],"dateAdded":{"$date":"2018-10-11T11:23:30.713Z"},"userId":{"$oid":"5bb9ba5ad1480d0013e30ec9"},"productId":100,"category":"커피","score":3,"comment":"보통이에요","__v":0}
{"_id":{"$oid":"5bbf3461b91a1f0013eb8ebb"},"taste":[1,4,4,3,3],"dateAdded":{"$date":"2018-10-11T11:23:30.713Z"},"userId":{"$oid":"5bb9ba5ad1480d0013e30ec9"},"productId":113,"category":"커피","score":4,"comment":"커피의 진한향이 느껴져요","__v":0}
{"_id":{"$oid":"5bbf3488b91a1f0013eb8ebc"},"taste":[4,2,3,3,3],"dateAdded":{"$date":"2018-10-11T11:23:30.713Z"},"userId":{"$oid":"5bb9ba5ad1480d0013e30ec9"},"productId":115,"category":"커피","score":4,"comment":"맛있어요~~~~커피맛도 좋아요","__v":0}
{"_id":{"$oid":"5bbf34aeb91a1f0013eb8ebd"},"taste":[3,3,2,4,4],"dateAdded":{"$date":"2018-10-11T11:23:30.713Z"},"userId":{"$oid":"5bb9ba5ad1480d0013e30ec9"},"productId":114,"category":"커피","score":3,"comment":"그냥 그래요","__v":0}
{"_id":{"$oid":"5bc04249b6e2e50013b095e9"},"taste":[5,1,1,1,5],"dateAdded":{"$date":"2018-10-12T06:30:17.165Z"},"userId":{"$oid":"5bc0422ab6e2e50013b095e8"},"productId":2,"category":"기타 음료","comment":"우는 아이도 달래주는 음료.","score":4,"__v":0}
{"_id":{"$oid":"5bc04276b6e2e50013b095eb"},"taste":[4,2,3,4,5],"dateAdded":{"$date":"2018-10-12T06:30:17.165Z"},"userId":{"$oid":"5bc0422ab6e2e50013b095e8"},"productId":60,"category":"기타 음료","comment":"20대 30대들에게 인기만점인 탄산 에너지 드링크","score":4,"__v":0}
{"_id":{"$oid":"5bc042bcb6e2e50013b095ec"},"taste":[1,2,3,3,3],"dateAdded":{"$date":"2018-10-12T06:30:17.165Z"},"userId":{"$oid":"5bc0422ab6e2e50013b095e8"},"productId":16,"category":"맥주","comment":"적당한 보리향.","score":3,"__v":0}
{"_id":{"$oid":"5bc042f8b6e2e50013b095ed"},"taste":[5,1,1,1,4],"dateAdded":{"$date":"2018-10-12T06:30:17.165Z"},"userId":{"$oid":"5bc0422ab6e2e50013b095e8"},"productId":55,"category":"기타 음료","score":4,"comment":"달콤한 딸기맛에 향도 그윽해서 맛남.","__v":0}
{"_id":{"$oid":"5bc04338b6e2e50013b095ee"},"taste":[5,1,3,5,3],"dateAdded":{"$date":"2018-10-12T06:30:17.165Z"},"userId":{"$oid":"5bc0422ab6e2e50013b095e8"},"productId":50,"category":"탄산 음료","score":2,"comment":"환타 하위호환. 대신 단맛과 향이 더 찐해서 쉽게 질림.","__v":0}
{"_id":{"$oid":"5bc04357b6e2e50013b095ef"},"taste":[5,1,1,5,3],"dateAdded":{"$date":"2018-10-12T06:30:17.165Z"},"userId":{"$oid":"5bc0422ab6e2e50013b095e8"},"productId":41,"category":"탄산 음료","score":2,"comment":"오란씨랑 비슷함. 파인애플이라 어엄청 달다.","__v":0}
{"_id":{"$oid":"5bc043d5b6e2e50013b095f0"},"taste":[4,1,1,1,3],"dateAdded":{"$date":"2018-10-12T06:30:17.165Z"},"userId":{"$oid":"5bc0422ab6e2e50013b095e8"},"productId":62,"category":"기타 음료","score":3,"comment":"군대에서 운행나갔을 때 대대 PX 들려서 먹었던 기억이나는데, 군대여서 그런지 내 기억에는 엄청 맛났음. 복숭아 맛에 넘어갈 때 느껴지는 향이 그다지 인조스러운 향이 아니었다.","__v":0}
{"_id":{"$oid":"5bc04422b6e2e50013b095f1"},"taste":[4,1,2,1,2],"dateAdded":{"$date":"2018-10-12T06:30:17.165Z"},"userId":{"$oid":"5bc0422ab6e2e50013b095e8"},"productId":57,"category":"기타 음료","score":5,"comment":"영원한 우리친구. 뭘하든 땀날때 먹으면 맛있음.","__v":0}
{"_id":{"$oid":"5bc0bacdb6bf0d00135bb340"},"taste":[3,3,2,4,4],"dateAdded":{"$date":"2018-10-12T15:13:56.865Z"},"userId":{"$oid":"5bb9ba5ad1480d0013e30ec9"},"productId":90,"category":"위스키","score":3,"comment":"처음 맛이 좋아요","__v":0}
{"_id":{"$oid":"5bc0baf0b6bf0d00135bb341"},"taste":[3,4,4,4,3],"dateAdded":{"$date":"2018-10-12T15:13:56.865Z"},"userId":{"$oid":"5bb9ba5ad1480d0013e30ec9"},"productId":93,"category":"위스키","score":4,"comment":"처음 위스키 마시기 좋아요","__v":0}
{"_id":{"$oid":"5bc0bb0db6bf0d00135bb342"},"taste":[3,5,3,5,4],"dateAdded":{"$date":"2018-10-12T15:13:56.865Z"},"userId":{"$oid":"5bb9ba5ad1480d0013e30ec9"},"productId":88,"category":"위스키","score":5,"comment":"짱짱~~!!","__v":0}
{"_id":{"$oid":"5bc0bb35b6bf0d00135bb343"},"taste":[1,2,5,5,5],"dateAdded":{"$date":"2018-10-12T15:13:56.865Z"},"userId":{"$oid":"5bb9ba5ad1480d0013e30ec9"},"productId":87,"category":"위스키","score":5,"comment":"위스키에 표본","__v":0}
{"_id":{"$oid":"5bc0bb6bb6bf0d00135bb344"},"taste":[2,5,2,5,5],"dateAdded":{"$date":"2018-10-12T15:13:56.865Z"},"userId":{"$oid":"5bb9ba5ad1480d0013e30ec9"},"productId":1,"category":"위스키","comment":"위스키는 발렌타인이지","score":5,"__v":0}
{"_id":{"$oid":"5bc0bb83b6bf0d00135bb345"},"taste":[3,3,3,3,3],"dateAdded":{"$date":"2018-10-12T15:13:56.865Z"},"userId":{"$oid":"5bb9ba5ad1480d0013e30ec9"},"productId":91,"category":"위스키","score":3,"comment":"평범해~","__v":0}
{"_id":{"$oid":"5bc0bb9cb6bf0d00135bb346"},"taste":[3,3,3,3,3],"dateAdded":{"$date":"2018-10-12T15:13:56.865Z"},"userId":{"$oid":"5bb9ba5ad1480d0013e30ec9"},"productId":85,"category":"위스키","score":3,"comment":"그냥그래요~","__v":0}
{"_id":{"$oid":"5bc0bbbcb6bf0d00135bb347"},"taste":[3,3,2,4,4],"dateAdded":{"$date":"2018-10-12T15:13:56.865Z"},"userId":{"$oid":"5bb9ba5ad1480d0013e30ec9"},"productId":82,"category":"위스키","comment":"괜찮아요~","score":4,"__v":0}
{"_id":{"$oid":"5bc0bbd9b6bf0d00135bb348"},"taste":[3,4,3,4,3],"dateAdded":{"$date":"2018-10-12T15:13:56.865Z"},"userId":{"$oid":"5bb9ba5ad1480d0013e30ec9"},"productId":94,"category":"위스키","score":4,"comment":"취한다~","__v":0}
{"_id":{"$oid":"5bc0bbf8b6bf0d00135bb349"},"taste":[3,4,4,4,3],"dateAdded":{"$date":"2018-10-12T15:13:56.865Z"},"userId":{"$oid":"5bb9ba5ad1480d0013e30ec9"},"productId":96,"category":"위스키","score":3,"comment":"괜찮네요~","__v":0}
{"_id":{"$oid":"5bc30cc2c953930013f5778c"},"taste":[2,3,1,3,4],"dateAdded":{"$date":"2018-10-14T09:23:51.191Z"},"userId":{"$oid":"5bc0422ab6e2e50013b095e8"},"productId":12,"category":"맥주","score":4,"comment":"깊은맛을 내는 흑맥주는 아니지만, 카라멜 향이 느껴지며 입안에서 깔끔하게 끝남.","__v":0}
{"_id":{"$oid":"5bc30d30c953930013f5778e"},"taste":[3,1,2,1,2],"dateAdded":{"$date":"2018-10-14T09:23:51.191Z"},"userId":{"$oid":"5bc0422ab6e2e50013b095e8"},"productId":58,"category":"기타 음료","score":3,"comment":"땀흘릴때 먹는 이온음료. 작업할 때 먹으면 맛이 두배.","__v":0}
{"_id":{"$oid":"5bc30f5dc953930013f5778f"},"taste":[3,1,2,1,2],"dateAdded":{"$date":"2018-10-14T09:23:51.191Z"},"userId":{"$oid":"5bc0422ab6e2e50013b095e8"},"productId":51,"category":"기타 음료","score":4,"comment":"레몬 베이스의 이온음료. 작업할 때 먹으면 너무 맛난다.","__v":0}
{"_id":{"$oid":"5bc31003c953930013f57790"},"taste":[2,2,3,1,3],"dateAdded":{"$date":"2018-10-14T09:23:51.191Z"},"userId":{"$oid":"5bc0422ab6e2e50013b095e8"},"productId":74,"category":"기타 주류","score":3,"comment":"여성분들이 매우 좋아할만한 소주. 나도 다른건 못먹겠는데 이건 너무 맛있음.","__v":0}
{"_id":{"$oid":"5bc31061c953930013f57791"},"taste":[2,2,1,3,2],"dateAdded":{"$date":"2018-10-14T09:23:51.191Z"},"userId":{"$oid":"5bc0422ab6e2e50013b095e8"},"productId":15,"category":"기타 음료","comment":"먹는다고 잠 잘오는건 아님. 진정시키는 음료임. 근데 먹으면 놀람.","score":2,"__v":0}
{"_id":{"$oid":"5bc33c82ef59ef0013b9ae79"},"taste":[2,3,2,4,3],"dateAdded":{"$date":"2018-10-14T12:38:19.366Z"},"userId":{"$oid":"5bc33a8aef59ef0013b9ae78"},"productId":7,"category":"맥주","comment":"보단 코젤","score":3,"__v":0}
{"_id":{"$oid":"5bc33d36ef59ef0013b9ae7a"},"taste":[3,3,3,3,3],"dateAdded":{"$date":"2018-10-14T12:38:19.366Z"},"userId":{"$oid":"5bc33a8aef59ef0013b9ae78"},"productId":11,"category":"맥주","score":4,"comment":"부담스럽지 않고 깔끔","__v":0}
{"_id":{"$oid":"5bc33e21ef59ef0013b9ae7b"},"taste":[3,3,2,4,3],"dateAdded":{"$date":"2018-10-14T12:38:19.366Z"},"userId":{"$oid":"5bc33a8aef59ef0013b9ae78"},"productId":21,"category":"맥주","score":4,"comment":"삿삿삿","__v":0}
{"_id":{"$oid":"5bc33e57ef59ef0013b9ae7c"},"taste":[3,3,2,2,3],"dateAdded":{"$date":"2018-10-14T12:38:19.366Z"},"userId":{"$oid":"5bc33a8aef59ef0013b9ae78"},"productId":22,"category":"맥주","score":3,"comment":"굳이","__v":0}
{"_id":{"$oid":"5bc33e92ef59ef0013b9ae7d"},"taste":[1,3,2,2,2],"dateAdded":{"$date":"2018-10-14T12:38:19.366Z"},"userId":{"$oid":"5bc33a8aef59ef0013b9ae78"},"productId":28,"category":"맥주","score":4,"comment":"좋~아~~","__v":0}
{"_id":{"$oid":"5bc33edeef59ef0013b9ae7e"},"taste":[3,2,2,1,1],"dateAdded":{"$date":"2018-10-14T12:38:19.366Z"},"userId":{"$oid":"5bc33a8aef59ef0013b9ae78"},"productId":24,"category":"맥주","comment":"그래도 먹을 거잖아?","score":4,"__v":0}
{"_id":{"$oid":"5bc33f2aef59ef0013b9ae7f"},"taste":[3,4,2,4,4],"dateAdded":{"$date":"2018-10-14T12:38:19.366Z"},"userId":{"$oid":"5bc33a8aef59ef0013b9ae78"},"productId":12,"category":"맥주","comment":"시나몬 얹으면 환상","score":4,"__v":0}
{"_id":{"$oid":"5bc33f5bef59ef0013b9ae80"},"taste":[3,3,3,3,3],"dateAdded":{"$date":"2018-10-14T12:38:19.366Z"},"userId":{"$oid":"5bc33a8aef59ef0013b9ae78"},"productId":10,"category":"맥주","score":3,"comment":"광고쟁이","__v":0}
{"_id":{"$oid":"5bc33f92ef59ef0013b9ae81"},"taste":[3,3,3,3,3],"dateAdded":{"$date":"2018-10-14T12:38:19.366Z"},"userId":{"$oid":"5bc33a8aef59ef0013b9ae78"},"productId":25,"category":"맥주","score":3,"comment":"카스보다야 낫지","__v":0}
{"_id":{"$oid":"5bc33fbcef59ef0013b9ae82"},"taste":[3,3,3,3,3],"dateAdded":{"$date":"2018-10-14T12:38:19.366Z"},"userId":{"$oid":"5bc33a8aef59ef0013b9ae78"},"productId":31,"category":"맥주","score":3,"comment":"카스와 양대산맥","__v":0}
{"_id":{"$oid":"5bc3400cef59ef0013b9ae83"},"taste":[4,3,2,4,3],"dateAdded":{"$date":"2018-10-14T12:38:19.366Z"},"userId":{"$oid":"5bc33a8aef59ef0013b9ae78"},"productId":48,"category":"탄산 음료","score":3,"comment":"소다향~ 조~하~","__v":0}
{"_id":{"$oid":"5bc3403bef59ef0013b9ae84"},"taste":[3,3,3,4,4],"dateAdded":{"$date":"2018-10-14T12:38:19.366Z"},"userId":{"$oid":"5bc33a8aef59ef0013b9ae78"},"productId":38,"category":"탄산 음료","comment":"그뤠잇","score":4,"__v":0}
{"_id":{"$oid":"5bc34078ef59ef0013b9ae85"},"taste":[2,2,2,3,3],"dateAdded":{"$date":"2018-10-14T12:38:19.366Z"},"userId":{"$oid":"5bc33a8aef59ef0013b9ae78"},"productId":35,"category":"탄산 음료","comment":"매력적","score":4,"__v":0}
{"_id":{"$oid":"5bc340a8ef59ef0013b9ae86"},"taste":[1,1,2,1,2],"dateAdded":{"$date":"2018-10-14T12:38:19.366Z"},"userId":{"$oid":"5bc33a8aef59ef0013b9ae78"},"productId":45,"category":"탄산 음료","comment":"노맛","score":1,"__v":0}
{"_id":{"$oid":"5bc340ffef59ef0013b9ae87"},"taste":[4,1,2,4,1],"dateAdded":{"$date":"2018-10-14T12:38:19.366Z"},"userId":{"$oid":"5bc33a8aef59ef0013b9ae78"},"productId":37,"category":"탄산 음료","score":3,"comment":"맛있는 탄산수","__v":0}
{"_id":{"$oid":"5bc3413def59ef0013b9ae88"},"taste":[4,1,1,3,3],"dateAdded":{"$date":"2018-10-14T12:38:19.366Z"},"userId":{"$oid":"5bc33a8aef59ef0013b9ae78"},"productId":39,"category":"탄산 음료","comment":"마시고 나서 입안이 텁텁","score":3,"__v":0}
{"_id":{"$oid":"5bc34182ef59ef0013b9ae89"},"taste":[4,1,1,3,2],"dateAdded":{"$date":"2018-10-14T12:38:19.366Z"},"userId":{"$oid":"5bc33a8aef59ef0013b9ae78"},"productId":42,"category":"탄산 음료","score":4,"comment":"솔직히 잘 만든 음료수","__v":0}
{"_id":{"$oid":"5bc341e0ef59ef0013b9ae8a"},"taste":[4,1,1,3,2],"dateAdded":{"$date":"2018-10-14T12:38:19.366Z"},"userId":{"$oid":"5bc33a8aef59ef0013b9ae78"},"productId":33,"category":"탄산 음료","score":4,"comment":"편의점에서 1+1 또 했으면 좋겠다","__v":0}
{"_id":{"$oid":"5bc34208ef59ef0013b9ae8b"},"taste":[4,1,3,3,2],"dateAdded":{"$date":"2018-10-14T12:38:19.366Z"},"userId":{"$oid":"5bc33a8aef59ef0013b9ae78"},"productId":41,"category":"탄산 음료","score":3,"comment":"환타파인 하위","__v":0}
{"_id":{"$oid":"5bc3423eef59ef0013b9ae8c"},"taste":[3,4,3,3,3],"dateAdded":{"$date":"2018-10-14T12:38:19.366Z"},"userId":{"$oid":"5bc33a8aef59ef0013b9ae78"},"productId":44,"category":"탄산 음료","score":4,"comment":"데미소다 중 최애","__v":0}
{"_id":{"$oid":"5bc349f5ef59ef0013b9ae8d"},"taste":[4,4,4,3,3],"dateAdded":{"$date":"2018-10-14T12:38:19.366Z"},"userId":{"$oid":"5bc33a8aef59ef0013b9ae78"},"productId":6,"category":"커피","score":3,"comment":"밀키밀키","__v":0}
{"_id":{"$oid":"5bc34a37ef59ef0013b9ae8e"},"taste":[3,3,2,4,3],"dateAdded":{"$date":"2018-10-14T12:38:19.366Z"},"userId":{"$oid":"5bc33a8aef59ef0013b9ae78"},"productId":108,"category":"커피","score":4,"comment":"낫배도","__v":0}
{"_id":{"$oid":"5bc34a7fef59ef0013b9ae8f"},"taste":[3,4,1,1,2],"dateAdded":{"$date":"2018-10-14T12:38:19.366Z"},"userId":{"$oid":"5bc33a8aef59ef0013b9ae78"},"productId":13,"category":"커피","score":2,"comment":"광고가 다 했다","__v":0}
{"_id":{"$oid":"5bc34ac7ef59ef0013b9ae90"},"taste":[4,2,2,4,3],"dateAdded":{"$date":"2018-10-14T12:38:19.366Z"},"userId":{"$oid":"5bc33a8aef59ef0013b9ae78"},"productId":106,"category":"커피","score":3,"comment":"진해","__v":0}
{"_id":{"$oid":"5bc34af6ef59ef0013b9ae91"},"taste":[1,4,3,2,4],"dateAdded":{"$date":"2018-10-14T12:38:19.366Z"},"userId":{"$oid":"5bc33a8aef59ef0013b9ae78"},"productId":99,"category":"커피","score":4,"comment":"김비서가 왜 그럴까","__v":0}
{"_id":{"$oid":"5bc34b85ef59ef0013b9ae92"},"taste":[1,3,4,2,3],"dateAdded":{"$date":"2018-10-14T12:38:19.366Z"},"userId":{"$oid":"5bc33a8aef59ef0013b9ae78"},"productId":113,"category":"커피","score":3,"comment":"너무 커","__v":0}
{"_id":{"$oid":"5bc34bb5ef59ef0013b9ae93"},"taste":[3,1,1,1,3],"dateAdded":{"$date":"2018-10-14T12:38:19.366Z"},"userId":{"$oid":"5bc33a8aef59ef0013b9ae78"},"productId":102,"category":"커피","score":3,"comment":"무난무난 모닝커피","__v":0}
{"_id":{"$oid":"5bc34bfdef59ef0013b9ae94"},"taste":[4,1,1,3,2],"dateAdded":{"$date":"2018-10-14T12:38:19.366Z"},"userId":{"$oid":"5bc33a8aef59ef0013b9ae78"},"productId":104,"category":"커피","score":3,"comment":"그냥 조지아","__v":0}
{"_id":{"$oid":"5bc34c34ef59ef0013b9ae95"},"taste":[3,1,1,2,2],"dateAdded":{"$date":"2018-10-14T12:38:19.366Z"},"userId":{"$oid":"5bc33a8aef59ef0013b9ae78"},"productId":103,"category":"커피","score":3,"comment":"팔긴 팔아...?","__v":0}
{"_id":{"$oid":"5bc34c71ef59ef0013b9ae96"},"taste":[4,1,1,2,2],"dateAdded":{"$date":"2018-10-14T12:38:19.366Z"},"userId":{"$oid":"5bc33a8aef59ef0013b9ae78"},"productId":112,"category":"커피","score":2,"comment":"레쓰비보단 맛있지만, 맥스웰은 모카가 정점","__v":0}
{"_id":{"$oid":"5bc34ca0ef59ef0013b9ae97"},"taste":[4,2,4,5,4],"dateAdded":{"$date":"2018-10-14T12:38:19.366Z"},"userId":{"$oid":"5bc33a8aef59ef0013b9ae78"},"productId":90,"category":"위스키","score":4,"comment":"코희코희취희","__v":0}
{"_id":{"$oid":"5bc34ce3ef59ef0013b9ae98"},"taste":[2,4,2,4,4],"dateAdded":{"$date":"2018-10-14T12:38:19.366Z"},"userId":{"$oid":"5bc33a8aef59ef0013b9ae78"},"productId":92,"category":"위스키","score":3,"comment":"오늘밤 예거밤","__v":0}
{"_id":{"$oid":"5bc34d2def59ef0013b9ae99"},"taste":[4,2,2,1,4],"dateAdded":{"$date":"2018-10-14T12:38:19.366Z"},"userId":{"$oid":"5bc33a8aef59ef0013b9ae78"},"productId":17,"category":"기타 음료","score":5,"comment":"JMT","__v":0}
{"_id":{"$oid":"5bc34d56ef59ef0013b9ae9a"},"taste":[3,1,2,1,1],"dateAdded":{"$date":"2018-10-14T12:38:19.366Z"},"userId":{"$oid":"5bc33a8aef59ef0013b9ae78"},"productId":56,"category":"기타 음료","score":4,"comment":"넌 나의 박카스","__v":0}
{"_id":{"$oid":"5bc34d77ef59ef0013b9ae9b"},"taste":[3,1,4,4,1],"dateAdded":{"$date":"2018-10-14T12:38:19.366Z"},"userId":{"$oid":"5bc33a8aef59ef0013b9ae78"},"productId":52,"category":"기타 음료","score":3,"comment":"수지광고","__v":0}
{"_id":{"$oid":"5bc34db9ef59ef0013b9ae9c"},"taste":[4,1,1,1,4],"dateAdded":{"$date":"2018-10-14T12:38:19.366Z"},"userId":{"$oid":"5bc33a8aef59ef0013b9ae78"},"productId":2,"category":"기타 음료","score":4,"comment":"추억에 잠기는 맛인데 요즘 뭔가 싱거워","__v":0}
{"_id":{"$oid":"5bc34e09ef59ef0013b9ae9d"},"taste":[2,1,1,1,3],"dateAdded":{"$date":"2018-10-14T12:38:19.366Z"},"userId":{"$oid":"5bc33a8aef59ef0013b9ae78"},"productId":63,"category":"기타 음료","score":3,"comment":"이프로 상위호환","__v":0}
{"_id":{"$oid":"5bc34e40ef59ef0013b9ae9e"},"taste":[3,1,2,1,2],"dateAdded":{"$date":"2018-10-14T12:38:19.366Z"},"userId":{"$oid":"5bc33a8aef59ef0013b9ae78"},"productId":57,"category":"기타 음료","score":4,"comment":"청순의 대명사","__v":0}
{"_id":{"$oid":"5bc34e80ef59ef0013b9ae9f"},"taste":[4,1,2,1,2],"dateAdded":{"$date":"2018-10-14T12:38:19.366Z"},"userId":{"$oid":"5bc33a8aef59ef0013b9ae78"},"productId":65,"category":"기타 음료","score":4,"comment":"술과 함께","__v":0}
{"_id":{"$oid":"5bc34eb8ef59ef0013b9aea0"},"taste":[3,2,2,5,4],"dateAdded":{"$date":"2018-10-14T12:38:19.366Z"},"userId":{"$oid":"5bc33a8aef59ef0013b9ae78"},"productId":60,"category":"기타 음료","score":4,"comment":"박카스를 넘어선 각성제","__v":0}
{"_id":{"$oid":"5bc34f0def59ef0013b9aea1"},"taste":[3,1,2,1,3],"dateAdded":{"$date":"2018-10-14T12:38:19.366Z"},"userId":{"$oid":"5bc33a8aef59ef0013b9ae78"},"productId":55,"category":"기타 음료","score":3,"comment":"쥬스를 잘 만들었으면 좋겠다","__v":0}
{"_id":{"$oid":"5bc34f56ef59ef0013b9aea2"},"taste":[2,1,2,1,2],"dateAdded":{"$date":"2018-10-14T12:38:19.366Z"},"userId":{"$oid":"5bc33a8aef59ef0013b9ae78"},"productId":51,"category":"기타 음료","score":3,"comment":"파워에이드보다뉴게토레이가 좋더라","__v":0}
{"_id":{"$oid":"5bc3e3da6e61b70013f455db"},"taste":[5,1,1,3,2],"dateAdded":{"$date":"2018-10-15T00:36:42.142Z"},"userId":{"$oid":"5bb1ca2cfb9ea00013de9fae"},"productId":110,"category":"커피","comment":"선유꿀 좋아요","score":5,"__v":0}
{"_id":{"$oid":"5bc3e4216e61b70013f455dc"},"taste":[4,2,1,1,2],"dateAdded":{"$date":"2018-10-15T00:36:42.142Z"},"userId":{"$oid":"5bb1ca2cfb9ea00013de9fae"},"productId":13,"category":"커피","score":2,"comment":"흙탕물","__v":0}
{"_id":{"$oid":"5bc3e4906e61b70013f455dd"},"taste":[2,1,1,2,2],"dateAdded":{"$date":"2018-10-15T00:36:42.142Z"},"userId":{"$oid":"5bb1ca2cfb9ea00013de9fae"},"productId":98,"category":"커피","score":2,"comment":"흙탕물2","__v":0}
{"_id":{"$oid":"5bc3e4c46e61b70013f455de"},"taste":[3,2,1,2,4],"dateAdded":{"$date":"2018-10-15T00:36:42.142Z"},"userId":{"$oid":"5bb1ca2cfb9ea00013de9fae"},"productId":111,"category":"커피","score":3,"comment":"사실 안먹어봄","__v":0}
{"_id":{"$oid":"5bc3e5246e61b70013f455df"},"taste":[2,3,2,4,3],"dateAdded":{"$date":"2018-10-15T00:36:42.142Z"},"userId":{"$oid":"5bb1ca2cfb9ea00013de9fae"},"productId":106,"category":"커피","comment":"쓰다 써","score":3,"__v":0}
{"_id":{"$oid":"5bc3e5716e61b70013f455e0"},"taste":[1,5,3,3,3],"dateAdded":{"$date":"2018-10-15T00:36:42.142Z"},"userId":{"$oid":"5bb1ca2cfb9ea00013de9fae"},"productId":105,"category":"커피","score":2,"comment":"어우 써","__v":0}
{"_id":{"$oid":"5bc3e5a66e61b70013f455e1"},"taste":[3,1,2,2,3],"dateAdded":{"$date":"2018-10-15T00:36:42.142Z"},"userId":{"$oid":"5bb1ca2cfb9ea00013de9fae"},"productId":102,"category":"커피","score":4,"comment":"비싼 레쓰비","__v":0}
{"_id":{"$oid":"5bc3e6286e61b70013f455e3"},"taste":[2,4,1,4,3],"dateAdded":{"$date":"2018-10-15T00:36:42.142Z"},"userId":{"$oid":"5bb1ca2cfb9ea00013de9fae"},"productId":114,"category":"커피","score":3,"comment":"편의점 행사하길래 먹었는데 별로임","__v":0}
{"_id":{"$oid":"5bc3e6556e61b70013f455e4"},"taste":[3,2,1,3,3],"dateAdded":{"$date":"2018-10-15T00:36:42.142Z"},"userId":{"$oid":"5bb1ca2cfb9ea00013de9fae"},"productId":100,"category":"커피","score":3,"comment":"한약","__v":0}
{"_id":{"$oid":"5bc3e6be6e61b70013f455e6"},"taste":[2,3,3,2,2],"dateAdded":{"$date":"2018-10-15T00:36:42.142Z"},"userId":{"$oid":"5bb1ca2cfb9ea00013de9fae"},"productId":10,"category":"맥주","score":3,"comment":"너무 가벼움","__v":0}
{"_id":{"$oid":"5bc3e6e86e61b70013f455e7"},"taste":[2,3,2,3,3],"dateAdded":{"$date":"2018-10-15T00:36:42.142Z"},"userId":{"$oid":"5bb1ca2cfb9ea00013de9fae"},"productId":27,"category":"맥주","score":5,"comment":"맥잘알들의 선택","__v":0}
{"_id":{"$oid":"5bc3e70c6e61b70013f455e9"},"taste":[2,3,2,4,3],"dateAdded":{"$date":"2018-10-15T00:36:42.142Z"},"userId":{"$oid":"5bb1ca2cfb9ea00013de9fae"},"productId":29,"category":"맥주","score":5,"comment":"스고이","__v":0}
{"_id":{"$oid":"5bc3e7536e61b70013f455ea"},"taste":[3,3,2,1,2],"dateAdded":{"$date":"2018-10-15T00:36:42.142Z"},"userId":{"$oid":"5bb1ca2cfb9ea00013de9fae"},"productId":30,"category":"맥주","score":2,"comment":"맥주 아니고 발포주","__v":0}
{"_id":{"$oid":"5bc3e7796e61b70013f455eb"},"taste":[2,3,3,2,2],"dateAdded":{"$date":"2018-10-15T00:36:42.142Z"},"userId":{"$oid":"5bb1ca2cfb9ea00013de9fae"},"productId":31,"category":"맥주","score":2,"comment":"발포주 22","__v":0}
{"_id":{"$oid":"5bc6e6d71952080013a2e1db"},"taste":[5,2,2,4,3],"dateAdded":{"$date":"2018-10-17T07:03:07.126Z"},"userId":{"$oid":"5bb1ca2cfb9ea00013de9fae"},"productId":23,"category":"맥주","score":5,"comment":"달다 달아","__v":0}
{"_id":{"$oid":"5bc6e7601952080013a2e1dd"},"taste":[2,3,2,2,2],"dateAdded":{"$date":"2018-10-17T07:03:07.126Z"},"userId":{"$oid":"5bb1ca2cfb9ea00013de9fae"},"productId":19,"category":"맥주","score":3,"comment":"가볍다 가벼워","__v":0}
{"_id":{"$oid":"5bc6e7a61952080013a2e1de"},"taste":[2,3,2,2,2],"dateAdded":{"$date":"2018-10-17T07:03:07.126Z"},"userId":{"$oid":"5bb1ca2cfb9ea00013de9fae"},"productId":24,"category":"맥주","score":2,"comment":"피부에 양보하세요","__v":0}
{"_id":{"$oid":"5bc6e7c01952080013a2e1df"},"taste":[2,3,2,5,4],"dateAdded":{"$date":"2018-10-17T07:03:07.126Z"},"userId":{"$oid":"5bb1ca2cfb9ea00013de9fae"},"productId":20,"category":"맥주","score":4,"comment":"금수저 맥주","__v":0}
{"_id":{"$oid":"5bc6e89a1952080013a2e1e1"},"taste":[4,4,2,5,4],"dateAdded":{"$date":"2018-10-17T07:03:07.126Z"},"userId":{"$oid":"5bb1ca2cfb9ea00013de9fae"},"productId":7,"category":"맥주","score":5,"comment":"까만 맥주","__v":0}
{"_id":{"$oid":"5bc6e8ef1952080013a2e1e2"},"taste":[1,1,3,4,1],"dateAdded":{"$date":"2018-10-17T07:03:07.126Z"},"userId":{"$oid":"5bb1ca2cfb9ea00013de9fae"},"productId":49,"category":"탄산 음료","score":4,"comment":"뭐 타먹는 용도","__v":0}
{"_id":{"$oid":"5bc6ea601952080013a2e1e3"},"taste":[4,2,2,3,2],"dateAdded":{"$date":"2018-10-17T07:03:07.126Z"},"userId":{"$oid":"5bb1ca2cfb9ea00013de9fae"},"productId":41,"category":"탄산 음료","score":4,"comment":"단맛에 먹음","__v":0}
{"_id":{"$oid":"5bc6ea9d1952080013a2e1e5"},"taste":[2,2,1,2,3],"dateAdded":{"$date":"2018-10-17T07:03:07.126Z"},"userId":{"$oid":"5bb1ca2cfb9ea00013de9fae"},"productId":45,"category":"탄산 음료","comment":"피부에 양보하세요","score":3,"__v":0}
{"_id":{"$oid":"5bc6eb121952080013a2e1e6"},"taste":[4,2,4,3,3],"dateAdded":{"$date":"2018-10-17T07:03:07.126Z"},"userId":{"$oid":"5bb1ca2cfb9ea00013de9fae"},"productId":50,"category":"탄산 음료","score":4,"comment":"단맛단맛","__v":0}
{"_id":{"$oid":"5bc6eb631952080013a2e1e7"},"taste":[3,2,4,4,2],"dateAdded":{"$date":"2018-10-17T07:03:07.126Z"},"userId":{"$oid":"5bb1ca2cfb9ea00013de9fae"},"productId":48,"category":"탄산 음료","score":2,"comment":"왜 먹어요","__v":0}
{"_id":{"$oid":"5bc6eb971952080013a2e1e8"},"taste":[3,2,4,4,3],"dateAdded":{"$date":"2018-10-17T07:03:07.126Z"},"userId":{"$oid":"5bb1ca2cfb9ea00013de9fae"},"productId":46,"category":"탄산 음료","score":4,"comment":"은근 환타 포도보다 나음","__v":0}
{"_id":{"$oid":"5bc6ebaf1952080013a2e1e9"},"taste":[3,4,2,5,3],"dateAdded":{"$date":"2018-10-17T07:03:07.126Z"},"userId":{"$oid":"5bb1ca2cfb9ea00013de9fae"},"productId":38,"category":"탄산 음료","score":5,"comment":"쎈거 마시고싶을때","__v":0}
{"_id":{"$oid":"5bc6ec2a1952080013a2e1eb"},"taste":[5,1,1,2,2],"dateAdded":{"$date":"2018-10-17T07:03:07.126Z"},"userId":{"$oid":"5bb1ca2cfb9ea00013de9fae"},"productId":39,"category":"탄산 음료","score":4,"comment":"가끔 땡낌","__v":0}
{"_id":{"$oid":"5bc6ec781952080013a2e1ed"},"taste":[4,2,4,3,3],"dateAdded":{"$date":"2018-10-17T07:03:07.126Z"},"userId":{"$oid":"5bb1ca2cfb9ea00013de9fae"},"productId":43,"category":"탄산 음료","comment":"엄청 시다","score":4,"__v":0}
{"_id":{"$oid":"5bc6ecab1952080013a2e1ee"},"taste":[3,4,3,3,2],"dateAdded":{"$date":"2018-10-17T07:03:07.126Z"},"userId":{"$oid":"5bb1ca2cfb9ea00013de9fae"},"productId":44,"category":"탄산 음료","score":3,"comment":"넘 써","__v":0}
{"_id":{"$oid":"5bc6edb71952080013a2e1ef"},"taste":[5,2,2,2,2],"dateAdded":{"$date":"2018-10-17T07:03:07.126Z"},"userId":{"$oid":"5bb1ca2cfb9ea00013de9fae"},"productId":53,"category":"기타 음료","score":5,"comment":"제일 달다","__v":0}
{"_id":{"$oid":"5bc6edd71952080013a2e1f1"},"taste":[5,2,3,2,3],"dateAdded":{"$date":"2018-10-17T07:03:07.126Z"},"userId":{"$oid":"5bb1ca2cfb9ea00013de9fae"},"productId":55,"category":"기타 음료","comment":"충성","score":5,"__v":0}
{"_id":{"$oid":"5bc6edf81952080013a2e1f2"},"taste":[2,1,2,1,1],"dateAdded":{"$date":"2018-10-17T07:03:07.126Z"},"userId":{"$oid":"5bb1ca2cfb9ea00013de9fae"},"productId":59,"category":"기타 음료","score":2,"comment":"물 대신","__v":0}
{"_id":{"$oid":"5bc6ee0c1952080013a2e1f3"},"taste":[5,2,2,2,3],"dateAdded":{"$date":"2018-10-17T07:03:07.126Z"},"userId":{"$oid":"5bb1ca2cfb9ea00013de9fae"},"productId":66,"category":"기타 음료","score":5,"comment":"단맛 최고","__v":0}
{"_id":{"$oid":"5bc6eeba1952080013a2e1f4"},"taste":[3,2,2,1,3],"dateAdded":{"$date":"2018-10-17T07:03:07.126Z"},"userId":{"$oid":"5bb1ca2cfb9ea00013de9fae"},"productId":17,"category":"기타 음료","score":3,"comment":"친해지면 좋음","__v":0}
{"_id":{"$oid":"5bc6efbd1952080013a2e1f6"},"taste":[2,1,3,1,1],"dateAdded":{"$date":"2018-10-17T07:03:07.126Z"},"userId":{"$oid":"5bb1ca2cfb9ea00013de9fae"},"productId":56,"category":"기타 음료","score":3,"comment":"맛으로 먹진 않음","__v":0}
{"_id":{"$oid":"5bc6efd81952080013a2e1f7"},"taste":[3,2,2,1,2],"dateAdded":{"$date":"2018-10-17T07:03:07.126Z"},"userId":{"$oid":"5bb1ca2cfb9ea00013de9fae"},"productId":15,"category":"기타 음료","score":2,"comment":"맛없으","__v":0}
{"_id":{"$oid":"5bc6effc1952080013a2e1f8"},"taste":[2,2,1,1,2],"dateAdded":{"$date":"2018-10-17T07:03:07.126Z"},"userId":{"$oid":"5bb1ca2cfb9ea00013de9fae"},"productId":58,"category":"기타 음료","comment":"파란색이라 맘에 안듬","score":2,"__v":0}
{"_id":{"$oid":"5bc6f2961952080013a2e1f9"},"taste":[2,2,3,4,4],"dateAdded":{"$date":"2018-10-17T07:03:07.126Z"},"userId":{"$oid":"5bb1ca2cfb9ea00013de9fae"},"productId":60,"category":"기타 음료","score":3,"comment":"약먹는 느낌","__v":0}
{"_id":{"$oid":"5bc6f2b11952080013a2e1fa"},"taste":[2,1,2,1,2],"dateAdded":{"$date":"2018-10-17T07:03:07.126Z"},"userId":{"$oid":"5bb1ca2cfb9ea00013de9fae"},"productId":57,"category":"기타 음료","score":2,"comment":"물인가 음료인가","__v":0}
{"_id":{"$oid":"5bce9745ba4aaa392c220a19"},"taste":[3,3,3,3,3],"dateAdded":{"$date":"2018-10-23T03:25:46.511Z"},"userId":{"$oid":"5bb1ca2cfb9ea00013de9fae"},"productId":1,"category":"위스키","score":4,"comment":"hh","__v":0}
